,Gender,Married,Education,Self_Employed,ApplicantIncome,CoapplicantIncome,LoanAmount,Loan_Amount_Term,Credit_History,Property_Area,Loan_Status,Dependents,Total_income
0,1,2,1,2,5849,0.0,120.0,360.0,1.0,3,1,0,5849.0
1,1,1,1,2,4583,1508.0,128.0,360.0,1.0,1,0,1,6091.0
2,1,1,1,1,3000,0.0,66.0,360.0,1.0,3,1,0,3000.0
3,1,1,2,2,2583,2358.0,120.0,360.0,1.0,3,1,0,4941.0
4,1,2,1,2,6000,0.0,141.0,360.0,1.0,3,1,0,6000.0
5,1,1,1,1,5417,4196.0,267.0,360.0,1.0,3,1,2,9613.0
6,1,1,2,2,2333,1516.0,95.0,360.0,1.0,3,1,0,3849.0
7,1,1,1,2,3036,2504.0,158.0,360.0,0.0,2,0,3,5540.0
8,1,1,1,2,4006,1526.0,168.0,360.0,1.0,3,1,2,5532.0
9,1,1,1,2,12841,10968.0,349.0,360.0,1.0,2,0,1,23809.0
10,1,1,1,2,3200,700.0,70.0,360.0,1.0,3,1,2,3900.0
11,1,1,1,2,2500,1840.0,109.0,360.0,1.0,3,1,2,4340.0
12,1,1,1,2,3073,8106.0,200.0,360.0,1.0,3,1,2,11179.0
13,1,2,1,2,1853,2840.0,114.0,360.0,1.0,1,0,0,4693.0
14,1,1,1,2,1299,1086.0,17.0,120.0,1.0,3,1,2,2385.0
15,1,2,1,2,4950,0.0,125.0,360.0,1.0,3,1,0,4950.0
16,1,2,2,2,3596,0.0,100.0,240.0,1.0,3,1,1,3596.0
17,2,2,1,2,3510,0.0,76.0,360.0,0.0,3,0,0,3510.0
18,1,1,2,2,4887,0.0,133.0,360.0,1.0,1,0,0,4887.0
19,1,1,1,2,2600,3500.0,115.0,360.0,1.0,3,1,0,6100.0
20,1,1,2,2,7660,0.0,104.0,360.0,0.0,3,0,0,7660.0
21,1,1,1,2,5955,5625.0,315.0,360.0,1.0,3,1,1,11580.0
22,1,1,2,2,2600,1911.0,116.0,360.0,0.0,2,0,0,4511.0
23,1,1,2,2,3365,1917.0,112.0,360.0,0.0,1,0,2,5282.0
24,1,1,1,2,3717,2925.0,151.0,360.0,1.0,2,0,1,6642.0
25,1,1,1,1,9560,0.0,191.0,360.0,1.0,2,1,0,9560.0
26,1,1,1,2,2799,2253.0,122.0,360.0,1.0,2,1,0,5052.0
27,1,1,2,2,4226,1040.0,110.0,360.0,1.0,3,1,2,5266.0
28,1,2,2,2,1442,0.0,35.0,360.0,1.0,3,0,0,1442.0
29,2,2,1,2,3750,2083.0,120.0,360.0,1.0,2,1,2,5833.0
30,1,1,1,2,4166,3369.0,201.0,360.0,1.0,3,0,1,7535.0
31,1,2,1,2,3167,0.0,74.0,360.0,1.0,3,0,0,3167.0
32,1,2,1,1,4692,0.0,106.0,360.0,1.0,1,0,1,4692.0
33,1,1,1,2,3500,1667.0,114.0,360.0,1.0,2,1,0,5167.0
34,1,2,1,2,12500,3000.0,320.0,360.0,1.0,1,0,3,15500.0
35,1,1,1,2,2275,2067.0,120.0,360.0,1.0,3,1,0,4342.0
36,1,1,1,2,1828,1330.0,100.0,360.0,0.0,3,0,0,3158.0
37,2,1,1,2,3667,1459.0,144.0,360.0,1.0,2,1,0,5126.0
38,1,2,1,2,4166,7210.0,184.0,360.0,1.0,3,1,0,11376.0
39,1,2,2,2,3748,1668.0,110.0,360.0,1.0,2,1,0,5416.0
40,1,2,1,2,3600,0.0,80.0,360.0,1.0,3,0,0,3600.0
41,1,2,1,2,1800,1213.0,47.0,360.0,1.0,3,1,0,3013.0
42,1,1,1,2,2400,0.0,75.0,360.0,1.0,3,1,0,2400.0
43,1,1,1,2,3941,2336.0,134.0,360.0,1.0,2,1,0,6277.0
44,1,1,2,1,4695,0.0,96.0,360.0,1.0,3,1,0,4695.0
45,2,2,1,2,3410,0.0,88.0,360.0,1.0,3,1,0,3410.0
46,1,1,1,2,5649,0.0,44.0,360.0,1.0,3,1,1,5649.0
47,1,1,1,2,5821,0.0,144.0,360.0,1.0,3,1,0,5821.0
48,2,1,1,2,2645,3440.0,120.0,360.0,0.0,3,0,0,6085.0
49,2,2,1,2,4000,2275.0,144.0,360.0,1.0,2,1,0,6275.0
50,2,1,2,2,1928,1644.0,100.0,360.0,1.0,2,1,0,3572.0
51,2,2,1,2,3086,0.0,120.0,360.0,1.0,2,1,0,3086.0
52,2,2,1,2,4230,0.0,112.0,360.0,1.0,2,0,0,4230.0
53,1,1,1,2,4616,0.0,134.0,360.0,1.0,3,0,2,4616.0
54,2,1,1,1,11500,0.0,286.0,360.0,0.0,3,0,1,11500.0
55,1,1,1,2,2708,1167.0,97.0,360.0,1.0,2,1,2,3875.0
56,1,1,1,2,2132,1591.0,96.0,360.0,1.0,2,1,0,3723.0
57,1,1,1,2,3366,2200.0,135.0,360.0,1.0,1,0,0,5566.0
58,1,1,1,2,8080,2250.0,180.0,360.0,1.0,3,1,1,10330.0
59,1,1,2,2,3357,2859.0,144.0,360.0,1.0,3,1,2,6216.0
60,1,1,1,2,2500,3796.0,120.0,360.0,1.0,3,1,0,6296.0
61,1,1,1,2,3029,0.0,99.0,360.0,1.0,3,1,3,3029.0
62,1,1,2,1,2609,3449.0,165.0,180.0,0.0,1,0,0,6058.0
63,1,1,1,2,4945,0.0,120.0,360.0,0.0,1,0,1,4945.0
64,2,2,1,2,4166,0.0,116.0,360.0,0.0,2,0,0,4166.0
65,1,1,1,2,5726,4595.0,258.0,360.0,1.0,2,0,0,10321.0
66,1,2,2,2,3200,2254.0,126.0,180.0,0.0,3,0,0,5454.0
67,1,1,1,2,10750,0.0,312.0,360.0,1.0,3,1,1,10750.0
68,1,1,2,1,7100,0.0,125.0,60.0,1.0,3,1,3,7100.0
69,2,2,1,2,4300,0.0,136.0,360.0,0.0,2,0,0,4300.0
70,1,1,1,2,3208,3066.0,172.0,360.0,1.0,3,1,0,6274.0
71,1,1,2,1,1875,1875.0,97.0,360.0,1.0,2,1,2,3750.0
72,1,2,1,2,3500,0.0,81.0,300.0,1.0,2,1,0,3500.0
73,1,1,2,2,4755,0.0,95.0,360.0,0.0,2,0,3,4755.0
74,1,1,1,1,5266,1774.0,187.0,360.0,1.0,2,1,3,7040.0
75,1,2,1,2,3750,0.0,113.0,480.0,1.0,3,0,0,3750.0
76,1,2,1,2,3750,4750.0,176.0,360.0,1.0,3,0,0,8500.0
77,1,1,1,1,1000,3022.0,110.0,360.0,1.0,3,0,1,4022.0
78,1,1,1,2,3167,4000.0,180.0,300.0,0.0,2,0,3,7167.0
79,1,1,2,1,3333,2166.0,130.0,360.0,1.0,2,1,3,5499.0
80,2,2,1,2,3846,0.0,111.0,360.0,1.0,2,1,0,3846.0
81,1,1,1,1,2395,0.0,120.0,360.0,1.0,2,1,1,2395.0
82,2,1,1,2,1378,1881.0,167.0,360.0,1.0,3,0,2,3259.0
83,1,1,1,2,6000,2250.0,265.0,360.0,1.0,2,0,0,8250.0
84,1,1,1,2,3988,0.0,50.0,240.0,1.0,3,1,1,3988.0
85,1,2,1,2,2366,2531.0,136.0,360.0,1.0,2,1,0,4897.0
86,1,1,2,2,3333,2000.0,99.0,360.0,1.0,2,1,2,5333.0
87,1,1,1,2,2500,2118.0,104.0,360.0,1.0,2,1,0,4618.0
88,1,2,1,2,8566,0.0,210.0,360.0,1.0,3,1,0,8566.0
89,1,1,1,2,5695,4167.0,175.0,360.0,1.0,2,1,0,9862.0
90,1,1,1,2,2958,2900.0,131.0,360.0,1.0,2,1,0,5858.0
91,1,1,1,2,6250,5654.0,188.0,180.0,1.0,2,1,2,11904.0
92,1,1,2,2,3273,1820.0,81.0,360.0,1.0,3,1,2,5093.0
93,1,2,1,2,4133,0.0,122.0,360.0,1.0,2,1,0,4133.0
94,1,2,2,2,3620,0.0,25.0,120.0,1.0,2,1,0,3620.0
95,1,2,1,2,6782,0.0,120.0,360.0,1.0,3,0,0,6782.0
96,2,1,1,2,2484,2302.0,137.0,360.0,1.0,2,1,0,4786.0
97,1,1,1,2,1977,997.0,50.0,360.0,1.0,2,1,0,2974.0
98,1,1,2,2,4188,0.0,115.0,180.0,1.0,2,1,0,4188.0
99,1,1,1,2,1759,3541.0,131.0,360.0,1.0,2,1,0,5300.0
100,1,1,2,2,4288,3263.0,133.0,180.0,1.0,3,1,2,7551.0
101,1,2,1,2,4843,3806.0,151.0,360.0,1.0,2,1,0,8649.0
102,1,1,1,2,13650,0.0,120.0,360.0,1.0,3,1,0,13650.0
103,1,1,1,2,4652,3583.0,120.0,360.0,1.0,2,1,0,8235.0
104,1,1,1,2,3816,754.0,160.0,360.0,1.0,3,1,0,4570.0
105,1,1,1,2,3052,1030.0,100.0,360.0,1.0,3,1,1,4082.0
106,1,1,1,2,11417,1126.0,225.0,360.0,1.0,3,1,2,12543.0
107,1,2,2,2,7333,0.0,120.0,360.0,1.0,1,0,0,7333.0
108,1,1,1,2,3800,3600.0,216.0,360.0,0.0,3,0,2,7400.0
109,1,1,2,2,2071,754.0,94.0,480.0,1.0,2,1,3,2825.0
110,1,2,1,2,5316,0.0,136.0,360.0,1.0,3,1,0,5316.0
111,2,1,1,2,2929,2333.0,139.0,360.0,1.0,2,1,0,5262.0
112,1,1,2,2,3572,4114.0,152.0,360.0,0.0,1,0,0,7686.0
113,2,2,1,1,7451,0.0,120.0,360.0,1.0,2,1,1,7451.0
114,1,2,1,2,5050,0.0,118.0,360.0,1.0,2,1,0,5050.0
115,1,1,1,2,14583,0.0,185.0,180.0,1.0,1,1,1,14583.0
116,2,1,1,2,3167,2283.0,154.0,360.0,1.0,2,1,0,5450.0
117,1,1,1,2,2214,1398.0,85.0,360.0,1.0,3,1,1,3612.0
118,1,1,1,2,5568,2142.0,175.0,360.0,1.0,1,0,0,7710.0
119,2,2,1,2,10408,0.0,259.0,360.0,1.0,3,1,0,10408.0
120,1,1,1,2,5667,2667.0,180.0,360.0,1.0,1,1,0,8334.0
121,2,2,1,2,4166,0.0,44.0,360.0,1.0,2,1,0,4166.0
122,2,2,1,2,2137,8980.0,137.0,360.0,0.0,2,1,0,11117.0
123,1,1,1,2,2957,0.0,81.0,360.0,1.0,2,1,2,2957.0
124,1,1,2,2,4300,2014.0,194.0,360.0,1.0,1,1,0,6314.0
125,2,2,1,2,3692,0.0,93.0,360.0,1.0,1,1,0,3692.0
126,1,1,1,2,23803,0.0,370.0,360.0,1.0,1,1,3,23803.0
127,1,2,1,2,3865,1640.0,120.0,360.0,1.0,1,1,0,5505.0
128,1,1,1,1,10513,3850.0,160.0,180.0,0.0,3,0,1,14363.0
129,1,1,1,2,6080,2569.0,182.0,360.0,1.0,1,0,0,8649.0
130,1,2,1,1,20166,0.0,650.0,480.0,1.0,3,1,0,20166.0
131,1,2,1,2,2014,1929.0,74.0,360.0,1.0,3,1,0,3943.0
132,1,2,1,2,2718,0.0,70.0,360.0,1.0,2,1,0,2718.0
133,1,1,1,1,3459,0.0,25.0,120.0,1.0,2,1,0,3459.0
134,1,2,1,2,4895,0.0,102.0,360.0,1.0,2,1,0,4895.0
135,1,1,1,2,4000,7750.0,290.0,360.0,1.0,2,0,3,11750.0
136,2,1,1,2,4583,0.0,84.0,360.0,1.0,1,0,0,4583.0
137,1,1,1,1,3316,3500.0,88.0,360.0,1.0,3,1,2,6816.0
138,1,2,1,2,14999,0.0,242.0,360.0,0.0,2,0,0,14999.0
139,1,1,2,2,4200,1430.0,129.0,360.0,1.0,1,0,2,5630.0
140,1,1,1,2,5042,2083.0,185.0,360.0,1.0,1,0,2,7125.0
141,1,2,1,2,5417,0.0,168.0,360.0,1.0,3,1,0,5417.0
142,1,2,1,1,6950,0.0,175.0,180.0,1.0,2,1,0,6950.0
143,1,1,1,2,2698,2034.0,122.0,360.0,1.0,2,1,0,4732.0
144,1,1,1,2,11757,0.0,187.0,180.0,1.0,3,1,2,11757.0
145,2,1,1,2,2330,4486.0,100.0,360.0,1.0,2,1,0,6816.0
146,2,1,1,2,14866,0.0,70.0,360.0,1.0,3,1,2,14866.0
147,1,1,1,2,1538,1425.0,30.0,360.0,1.0,3,1,1,2963.0
148,2,2,1,2,10000,1666.0,225.0,360.0,1.0,1,0,0,11666.0
149,1,1,1,2,4860,830.0,125.0,360.0,1.0,2,1,0,5690.0
150,1,2,1,2,6277,0.0,118.0,360.0,0.0,1,0,0,6277.0
151,1,1,1,1,2577,3750.0,152.0,360.0,1.0,1,1,0,6327.0
152,1,2,1,2,9166,0.0,244.0,360.0,1.0,3,0,0,9166.0
153,1,1,2,2,2281,0.0,113.0,360.0,1.0,1,0,2,2281.0
154,1,2,1,2,3254,0.0,50.0,360.0,1.0,3,1,0,3254.0
155,1,1,1,2,39999,0.0,600.0,180.0,0.0,2,1,3,39999.0
156,1,1,1,2,6000,0.0,160.0,360.0,1.0,1,1,1,6000.0
157,1,1,1,2,9538,0.0,187.0,360.0,1.0,3,1,1,9538.0
158,1,2,1,2,2980,2083.0,120.0,360.0,1.0,1,1,0,5063.0
159,1,1,1,2,4583,5625.0,255.0,360.0,1.0,2,1,0,10208.0
160,1,1,2,2,1863,1041.0,98.0,360.0,1.0,2,1,0,2904.0
161,1,1,1,2,7933,0.0,275.0,360.0,1.0,3,0,0,7933.0
162,1,1,1,2,3089,1280.0,121.0,360.0,0.0,2,0,1,4369.0
163,1,1,1,2,4167,1447.0,158.0,360.0,1.0,1,1,2,5614.0
164,1,1,1,2,9323,0.0,75.0,180.0,1.0,3,1,0,9323.0
165,1,1,1,2,3707,3166.0,182.0,360.0,1.0,1,1,0,6873.0
166,2,1,1,2,4583,0.0,112.0,360.0,1.0,1,0,0,4583.0
167,1,1,1,2,2439,3333.0,129.0,360.0,1.0,1,1,0,5772.0
168,1,2,1,2,2237,0.0,63.0,480.0,0.0,2,0,0,2237.0
169,1,1,1,2,8000,0.0,200.0,360.0,1.0,2,1,2,8000.0
170,1,1,2,2,1820,1769.0,95.0,360.0,1.0,1,1,0,3589.0
171,1,1,1,2,51763,0.0,700.0,300.0,1.0,3,1,3,51763.0
172,1,1,2,2,3522,0.0,81.0,180.0,1.0,1,0,3,3522.0
173,1,1,1,2,5708,5625.0,187.0,360.0,1.0,2,1,0,11333.0
174,1,1,2,1,4344,736.0,87.0,360.0,1.0,2,0,0,5080.0
175,1,1,1,2,3497,1964.0,116.0,360.0,1.0,1,1,0,5461.0
176,1,1,1,2,2045,1619.0,101.0,360.0,1.0,1,1,2,3664.0
177,1,1,1,2,5516,11300.0,495.0,360.0,0.0,2,0,3,16816.0
178,1,1,1,2,3750,0.0,116.0,360.0,1.0,2,1,1,3750.0
179,1,2,2,2,2333,1451.0,102.0,480.0,0.0,3,0,0,3784.0
180,1,1,1,2,6400,7250.0,180.0,360.0,0.0,3,0,1,13650.0
181,1,2,1,2,1916,5063.0,67.0,360.0,1.0,1,0,0,6979.0
182,1,1,1,2,4600,0.0,73.0,180.0,1.0,2,1,0,4600.0
183,1,1,1,2,33846,0.0,260.0,360.0,1.0,2,0,1,33846.0
184,2,1,1,2,3625,0.0,108.0,360.0,1.0,2,1,0,3625.0
185,1,1,1,1,39147,4750.0,120.0,360.0,1.0,2,1,0,43897.0
186,1,1,1,1,2178,0.0,66.0,300.0,0.0,1,0,1,2178.0
187,1,1,1,2,2383,2138.0,58.0,360.0,1.0,1,1,0,4521.0
188,1,1,1,1,674,5296.0,168.0,360.0,1.0,1,1,0,5970.0
189,1,1,1,2,9328,0.0,188.0,180.0,1.0,1,1,0,9328.0
190,1,2,2,2,4885,0.0,48.0,360.0,1.0,1,1,0,4885.0
191,1,2,1,2,12000,0.0,164.0,360.0,1.0,2,0,0,12000.0
192,1,1,2,2,6033,0.0,160.0,360.0,1.0,3,0,0,6033.0
193,1,2,1,2,3858,0.0,76.0,360.0,1.0,2,1,0,3858.0
194,1,2,1,2,4191,0.0,120.0,360.0,1.0,1,1,0,4191.0
195,1,1,1,2,3125,2583.0,170.0,360.0,1.0,2,0,1,5708.0
196,1,2,1,2,8333,3750.0,187.0,360.0,1.0,1,1,0,12083.0
197,2,2,2,2,1907,2365.0,120.0,360.0,1.0,3,1,0,4272.0
198,2,1,1,2,3416,2816.0,113.0,360.0,1.0,2,1,0,6232.0
199,1,2,1,1,11000,0.0,83.0,360.0,1.0,3,0,0,11000.0
200,1,1,2,2,2600,2500.0,90.0,360.0,1.0,2,1,1,5100.0
201,1,2,1,2,4923,0.0,166.0,360.0,0.0,2,1,2,4923.0
202,1,1,2,2,3992,0.0,120.0,180.0,1.0,3,0,3,3992.0
203,1,1,2,2,3500,1083.0,135.0,360.0,1.0,3,1,1,4583.0
204,1,1,2,2,3917,0.0,124.0,360.0,1.0,2,1,2,3917.0
205,2,2,2,2,4408,0.0,120.0,360.0,1.0,2,1,0,4408.0
206,2,2,1,2,3244,0.0,80.0,360.0,1.0,3,1,0,3244.0
207,1,2,2,2,3975,2531.0,55.0,360.0,1.0,1,1,0,6506.0
208,1,2,1,2,2479,0.0,59.0,360.0,1.0,3,1,0,2479.0
209,1,2,1,2,3418,0.0,127.0,360.0,1.0,2,0,0,3418.0
210,2,2,1,2,10000,0.0,214.0,360.0,1.0,2,0,0,10000.0
211,1,1,1,2,3430,1250.0,128.0,360.0,0.0,2,0,3,4680.0
212,1,1,1,1,7787,0.0,240.0,360.0,1.0,3,1,1,7787.0
213,1,1,2,1,5703,0.0,130.0,360.0,1.0,1,1,3,5703.0
214,1,1,1,2,3173,3021.0,137.0,360.0,1.0,3,1,0,6194.0
215,1,1,2,2,3850,983.0,100.0,360.0,1.0,2,1,3,4833.0
216,1,1,1,2,150,1800.0,135.0,360.0,1.0,1,0,0,1950.0
217,1,1,1,2,3727,1775.0,131.0,360.0,1.0,2,1,0,5502.0
218,1,1,1,2,5000,0.0,72.0,360.0,0.0,2,0,2,5000.0
219,2,1,1,2,4283,2383.0,127.0,360.0,1.0,2,1,2,6666.0
220,1,1,1,2,2221,0.0,60.0,360.0,0.0,3,0,0,2221.0
221,1,1,1,2,4009,1717.0,116.0,360.0,1.0,2,1,2,5726.0
222,1,2,1,2,2971,2791.0,144.0,360.0,1.0,2,1,0,5762.0
223,1,1,1,2,7578,1010.0,175.0,360.0,1.0,2,1,0,8588.0
224,1,1,1,2,6250,0.0,128.0,360.0,1.0,2,1,0,6250.0
225,1,1,1,2,3250,0.0,170.0,360.0,1.0,1,0,0,3250.0
226,1,1,2,1,4735,0.0,138.0,360.0,1.0,3,0,0,4735.0
227,1,1,1,2,6250,1695.0,210.0,360.0,1.0,2,1,2,7945.0
228,1,1,1,2,4758,0.0,158.0,480.0,1.0,2,1,0,4758.0
229,1,2,1,1,6400,0.0,200.0,360.0,1.0,1,1,0,6400.0
230,1,1,1,2,2491,2054.0,104.0,360.0,1.0,2,1,1,4545.0
231,1,1,1,2,3716,0.0,42.0,180.0,1.0,1,1,0,3716.0
232,1,2,2,2,3189,2598.0,120.0,360.0,1.0,1,1,0,5787.0
233,2,2,1,2,8333,0.0,280.0,360.0,1.0,2,1,0,8333.0
234,1,1,1,2,3155,1779.0,140.0,360.0,1.0,2,1,1,4934.0
235,1,1,1,2,5500,1260.0,170.0,360.0,1.0,1,1,1,6760.0
236,1,1,1,2,5746,0.0,255.0,360.0,1.0,3,0,0,5746.0
237,2,2,1,1,3463,0.0,122.0,360.0,1.0,3,1,0,3463.0
238,2,2,1,2,3812,0.0,112.0,360.0,1.0,1,1,1,3812.0
239,1,1,1,2,3315,0.0,96.0,360.0,1.0,2,1,1,3315.0
240,1,1,1,2,5819,5000.0,120.0,360.0,1.0,1,1,2,10819.0
241,1,1,2,2,2510,1983.0,140.0,180.0,1.0,3,0,1,4493.0
242,1,2,1,2,2965,5701.0,155.0,60.0,1.0,3,1,0,8666.0
243,1,1,1,1,6250,1300.0,108.0,360.0,1.0,1,1,2,7550.0
244,1,1,2,2,3406,4417.0,123.0,360.0,1.0,2,1,0,7823.0
245,1,2,1,1,6050,4333.0,120.0,180.0,1.0,3,0,0,10383.0
246,1,1,1,2,9703,0.0,112.0,360.0,1.0,3,1,2,9703.0
247,1,1,2,2,6608,0.0,137.0,180.0,1.0,3,1,1,6608.0
248,1,1,1,2,2882,1843.0,123.0,480.0,1.0,2,1,1,4725.0
249,1,1,1,2,1809,1868.0,90.0,360.0,1.0,3,1,0,3677.0
250,1,1,2,2,1668,3890.0,201.0,360.0,0.0,2,0,0,5558.0
251,2,2,1,2,3427,0.0,138.0,360.0,1.0,3,0,2,3427.0
252,1,2,2,1,2583,2167.0,104.0,360.0,1.0,1,1,0,4750.0
253,1,1,2,2,2661,7101.0,279.0,180.0,1.0,2,1,1,9762.0
254,1,2,1,1,16250,0.0,192.0,360.0,0.0,3,0,0,16250.0
255,2,2,1,2,3083,0.0,255.0,360.0,1.0,1,1,3,3083.0
256,1,2,2,2,6045,0.0,115.0,360.0,0.0,1,0,0,6045.0
257,1,1,1,2,5250,0.0,94.0,360.0,1.0,3,0,3,5250.0
258,1,1,1,2,14683,2100.0,304.0,360.0,1.0,1,0,0,16783.0
259,1,1,2,2,4931,0.0,128.0,360.0,1.0,2,0,3,4931.0
260,1,1,1,2,6083,4250.0,330.0,360.0,1.0,3,1,1,10333.0
261,1,2,1,2,2060,2209.0,134.0,360.0,1.0,2,1,0,4269.0
262,2,2,1,2,3481,0.0,155.0,36.0,1.0,2,0,1,3481.0
263,2,2,1,2,7200,0.0,120.0,360.0,1.0,1,1,0,7200.0
264,1,2,1,1,5166,0.0,128.0,360.0,1.0,2,1,0,5166.0
265,1,2,1,2,4095,3447.0,151.0,360.0,1.0,1,1,0,7542.0
266,1,1,1,2,4708,1387.0,150.0,360.0,1.0,2,1,2,6095.0
267,1,1,1,2,4333,1811.0,160.0,360.0,0.0,3,1,3,6144.0
268,2,2,1,2,3418,0.0,135.0,360.0,1.0,1,0,0,3418.0
269,2,2,1,2,2876,1560.0,90.0,360.0,1.0,3,1,1,4436.0
270,2,2,1,2,3237,0.0,30.0,360.0,1.0,3,1,0,3237.0
271,1,1,1,2,11146,0.0,136.0,360.0,1.0,3,1,0,11146.0
272,1,2,1,2,2833,1857.0,126.0,360.0,1.0,1,1,0,4690.0
273,1,1,1,2,2620,2223.0,150.0,360.0,1.0,2,1,0,4843.0
274,1,1,1,2,3900,0.0,90.0,360.0,1.0,2,1,2,3900.0
275,1,1,1,2,2750,1842.0,115.0,360.0,1.0,2,1,1,4592.0
276,1,1,1,2,3993,3274.0,207.0,360.0,1.0,2,1,0,7267.0
277,1,1,1,2,3103,1300.0,80.0,360.0,1.0,3,1,0,4403.0
278,1,1,1,2,14583,0.0,436.0,360.0,1.0,2,1,0,14583.0
279,2,1,2,2,4100,0.0,124.0,360.0,1.0,1,1,0,4100.0
280,1,2,2,1,4053,2426.0,158.0,360.0,0.0,3,0,1,6479.0
281,1,1,1,2,3927,800.0,112.0,360.0,1.0,2,1,0,4727.0
282,1,1,1,2,2301,985.7999878,78.0,180.0,1.0,3,1,2,3286.7999878
283,2,2,1,2,1811,1666.0,54.0,360.0,1.0,3,1,0,3477.0
284,1,1,1,2,20667,0.0,120.0,360.0,1.0,1,0,0,20667.0
285,1,2,1,2,3158,3053.0,89.0,360.0,1.0,1,1,0,6211.0
286,2,2,1,1,2600,1717.0,99.0,300.0,1.0,2,0,0,4317.0
287,1,1,1,2,3704,2000.0,120.0,360.0,1.0,1,1,0,5704.0
288,2,2,1,2,4124,0.0,115.0,360.0,1.0,2,1,0,4124.0
289,1,2,1,2,9508,0.0,187.0,360.0,1.0,1,1,0,9508.0
290,1,1,1,2,3075,2416.0,139.0,360.0,1.0,1,1,0,5491.0
291,1,1,1,2,4400,0.0,127.0,360.0,0.0,2,0,2,4400.0
292,1,1,1,2,3153,1560.0,134.0,360.0,1.0,3,1,2,4713.0
293,2,2,1,2,5417,0.0,143.0,480.0,0.0,3,0,0,5417.0
294,1,1,1,2,2383,3334.0,172.0,360.0,1.0,2,1,0,5717.0
295,1,1,1,2,4416,1250.0,110.0,360.0,1.0,3,1,3,5666.0
296,1,1,1,2,6875,0.0,200.0,360.0,1.0,2,1,1,6875.0
297,2,1,1,2,4666,0.0,135.0,360.0,1.0,3,1,1,4666.0
298,2,2,1,2,5000,2541.0,151.0,480.0,1.0,1,0,0,7541.0
299,1,1,1,2,2014,2925.0,113.0,360.0,1.0,3,0,1,4939.0
300,1,1,2,2,1800,2934.0,93.0,360.0,0.0,3,0,0,4734.0
301,1,1,2,2,2875,1750.0,105.0,360.0,1.0,2,1,0,4625.0
302,2,2,1,2,5000,0.0,132.0,360.0,1.0,1,1,0,5000.0
303,1,1,1,2,1625,1803.0,96.0,360.0,1.0,3,1,1,3428.0
304,1,2,1,2,4000,2500.0,140.0,360.0,1.0,1,1,0,6500.0
305,1,2,2,2,2000,0.0,120.0,360.0,1.0,3,0,0,2000.0
306,2,2,1,2,3762,1666.0,135.0,360.0,1.0,1,1,0,5428.0
307,2,2,1,2,2400,1863.0,104.0,360.0,0.0,3,0,0,4263.0
308,1,2,1,2,20233,0.0,480.0,360.0,1.0,1,0,0,20233.0
309,1,1,2,2,7667,0.0,185.0,360.0,1.0,1,1,2,7667.0
310,2,2,1,2,2917,0.0,84.0,360.0,1.0,2,1,0,2917.0
311,1,2,2,2,2927,2405.0,111.0,360.0,1.0,2,1,0,5332.0
312,2,2,1,2,2507,0.0,56.0,360.0,1.0,1,1,0,2507.0
313,1,1,1,1,5746,0.0,144.0,84.0,1.0,1,1,2,5746.0
314,1,1,1,2,2473,1843.0,159.0,360.0,1.0,1,0,0,4316.0
315,1,1,2,2,3399,1640.0,111.0,180.0,1.0,3,1,1,5039.0
316,1,1,1,2,3717,0.0,120.0,360.0,1.0,2,1,2,3717.0
317,1,1,1,2,2058,2134.0,88.0,360.0,1.0,3,1,0,4192.0
318,2,2,1,2,3541,0.0,112.0,360.0,1.0,2,1,1,3541.0
319,1,1,1,1,10000,0.0,155.0,360.0,1.0,1,0,1,10000.0
320,1,1,1,2,2400,2167.0,115.0,360.0,1.0,2,1,0,4567.0
321,1,1,1,2,4342,189.0,124.0,360.0,1.0,2,1,3,4531.0
322,1,1,2,2,3601,1590.0,120.0,360.0,1.0,1,1,2,5191.0
323,2,2,1,2,3166,2985.0,132.0,360.0,1.0,1,1,0,6151.0
324,1,1,1,2,15000,0.0,300.0,360.0,1.0,1,1,3,15000.0
325,1,1,1,1,8666,4983.0,376.0,360.0,0.0,1,0,1,13649.0
326,1,2,1,2,4917,0.0,130.0,360.0,0.0,1,1,0,4917.0
327,1,1,1,1,5818,2160.0,184.0,360.0,1.0,2,1,0,7978.0
328,2,1,1,2,4333,2451.0,110.0,360.0,1.0,3,0,0,6784.0
329,2,2,1,2,2500,0.0,67.0,360.0,1.0,3,1,0,2500.0
330,1,2,1,2,4384,1793.0,117.0,360.0,1.0,3,1,1,6177.0
331,1,2,1,2,2935,0.0,98.0,360.0,1.0,2,1,0,2935.0
332,1,2,1,2,2833,0.0,71.0,360.0,1.0,3,1,0,2833.0
333,1,1,1,2,63337,0.0,490.0,180.0,1.0,3,1,0,63337.0
334,1,1,1,1,9833,1833.0,182.0,180.0,1.0,3,1,1,11666.0
335,1,1,1,1,5503,4490.0,70.0,360.0,1.0,2,1,0,9993.0
336,1,1,1,2,5250,688.0,160.0,360.0,1.0,1,1,1,5938.0
337,1,1,1,1,2500,4600.0,176.0,360.0,1.0,1,1,2,7100.0
338,2,2,2,2,1830,0.0,120.0,360.0,0.0,3,0,3,1830.0
339,2,2,1,2,4160,0.0,71.0,360.0,1.0,2,1,0,4160.0
340,1,1,2,2,2647,1587.0,173.0,360.0,1.0,1,0,3,4234.0
341,2,2,1,2,2378,0.0,46.0,360.0,1.0,1,0,0,2378.0
342,1,1,2,2,4554,1229.0,158.0,360.0,1.0,3,1,1,5783.0
343,1,1,2,2,3173,0.0,74.0,360.0,1.0,2,1,3,3173.0
344,1,1,1,2,2583,2330.0,125.0,360.0,1.0,1,1,2,4913.0
345,1,1,1,2,2499,2458.0,160.0,360.0,1.0,2,1,0,4957.0
346,1,1,2,2,3523,3230.0,152.0,360.0,0.0,1,0,0,6753.0
347,1,1,2,2,3083,2168.0,126.0,360.0,1.0,3,1,2,5251.0
348,1,1,1,2,6333,4583.0,259.0,360.0,1.0,2,1,0,10916.0
349,1,1,1,2,2625,6250.0,187.0,360.0,1.0,1,1,0,8875.0
350,1,1,1,2,9083,0.0,228.0,360.0,1.0,2,1,0,9083.0
351,1,2,1,2,8750,4167.0,308.0,360.0,1.0,1,0,0,12917.0
352,1,1,1,2,2666,2083.0,95.0,360.0,1.0,1,1,3,4749.0
353,2,1,1,1,5500,0.0,105.0,360.0,0.0,1,0,0,5500.0
354,2,1,1,2,2423,505.0,130.0,360.0,1.0,2,1,0,2928.0
355,2,2,1,2,3813,0.0,116.0,180.0,1.0,3,1,0,3813.0
356,1,1,1,2,8333,3167.0,165.0,360.0,1.0,1,1,2,11500.0
357,1,1,1,2,3875,0.0,67.0,360.0,1.0,3,0,1,3875.0
358,1,1,2,2,3000,1666.0,100.0,480.0,0.0,3,0,0,4666.0
359,1,1,1,2,5167,3167.0,200.0,360.0,1.0,2,1,3,8334.0
360,2,2,1,2,4723,0.0,81.0,360.0,1.0,2,0,1,4723.0
361,1,1,1,2,5000,3667.0,236.0,360.0,1.0,2,1,2,8667.0
362,1,1,1,2,4750,2333.0,130.0,360.0,1.0,3,1,0,7083.0
363,1,1,1,2,3013,3033.0,95.0,300.0,1.0,3,1,0,6046.0
364,1,2,1,1,6822,0.0,141.0,360.0,1.0,1,1,0,6822.0
365,1,2,2,2,6216,0.0,133.0,360.0,1.0,1,0,0,6216.0
366,1,2,1,2,2500,0.0,96.0,480.0,1.0,2,0,0,2500.0
367,1,2,1,2,5124,0.0,124.0,360.0,0.0,1,0,0,5124.0
368,1,1,1,2,6325,0.0,175.0,360.0,1.0,2,1,1,6325.0
369,1,1,1,2,19730,5266.0,570.0,360.0,1.0,1,0,0,24996.0
370,2,2,1,1,15759,0.0,55.0,360.0,1.0,2,1,0,15759.0
371,1,1,1,2,5185,0.0,155.0,360.0,1.0,2,1,2,5185.0
372,1,1,1,1,9323,7873.0,380.0,300.0,1.0,1,1,2,17196.0
373,1,2,1,2,3062,1987.0,111.0,180.0,0.0,3,0,1,5049.0
374,2,2,1,2,2764,1459.0,110.0,360.0,1.0,3,1,0,4223.0
375,1,1,1,2,4817,923.0,120.0,180.0,1.0,3,1,0,5740.0
376,1,1,1,2,8750,4996.0,130.0,360.0,1.0,1,1,3,13746.0
377,1,1,1,2,4310,0.0,130.0,360.0,1.0,2,1,0,4310.0
378,1,2,1,2,3069,0.0,71.0,480.0,1.0,3,0,0,3069.0
379,1,1,1,2,5391,0.0,130.0,360.0,1.0,3,1,2,5391.0
380,1,1,1,2,3333,2500.0,128.0,360.0,1.0,2,1,0,5833.0
381,1,2,1,2,5941,4232.0,296.0,360.0,1.0,2,1,0,10173.0
382,2,2,1,2,6000,0.0,156.0,360.0,1.0,3,1,0,6000.0
383,1,2,1,1,7167,0.0,128.0,360.0,1.0,3,1,0,7167.0
384,1,1,1,2,4566,0.0,100.0,360.0,1.0,3,0,2,4566.0
385,1,2,1,2,3667,0.0,113.0,180.0,1.0,3,1,1,3667.0
386,1,2,2,2,2346,1600.0,132.0,360.0,1.0,2,1,0,3946.0
387,1,1,2,2,3010,3136.0,120.0,360.0,0.0,3,0,0,6146.0
388,1,1,1,2,2333,2417.0,136.0,360.0,1.0,3,1,0,4750.0
389,1,1,1,2,5488,0.0,125.0,360.0,1.0,1,1,0,5488.0
390,1,2,1,2,9167,0.0,185.0,360.0,1.0,1,1,3,9167.0
391,1,1,1,2,9504,0.0,275.0,360.0,1.0,1,1,3,9504.0
392,1,1,1,2,2583,2115.0,120.0,360.0,1.0,3,1,0,4698.0
393,1,1,2,2,1993,1625.0,113.0,180.0,1.0,2,1,2,3618.0
394,1,1,1,2,3100,1400.0,113.0,360.0,1.0,3,1,2,4500.0
395,1,1,1,2,3276,484.0,135.0,360.0,1.0,2,1,2,3760.0
396,2,2,1,2,3180,0.0,71.0,360.0,0.0,3,0,0,3180.0
397,1,1,1,2,3033,1459.0,95.0,360.0,1.0,3,1,0,4492.0
398,1,2,2,2,3902,1666.0,109.0,360.0,1.0,1,1,0,5568.0
399,2,2,1,2,1500,1800.0,103.0,360.0,0.0,2,0,0,3300.0
400,1,1,2,2,2889,0.0,45.0,180.0,0.0,3,0,2,2889.0
401,1,2,2,2,2755,0.0,65.0,300.0,1.0,1,0,0,2755.0
402,1,2,1,2,2500,20000.0,103.0,360.0,1.0,2,1,0,22500.0
403,2,2,2,2,1963,0.0,53.0,360.0,1.0,2,1,0,1963.0
404,2,2,1,1,7441,0.0,194.0,360.0,1.0,1,0,0,7441.0
405,2,2,1,2,4547,0.0,115.0,360.0,1.0,2,1,0,4547.0
406,1,1,2,2,2167,2400.0,115.0,360.0,1.0,3,1,0,4567.0
407,2,2,2,2,2213,0.0,66.0,360.0,1.0,1,1,0,2213.0
408,1,1,1,2,8300,0.0,152.0,300.0,0.0,2,0,1,8300.0
409,1,1,1,2,81000,0.0,360.0,360.0,0.0,1,0,3,81000.0
410,2,2,2,1,3867,0.0,62.0,360.0,1.0,2,0,1,3867.0
411,1,1,1,2,6256,0.0,160.0,360.0,1.0,3,1,0,6256.0
412,1,1,2,2,6096,0.0,218.0,360.0,0.0,1,0,0,6096.0
413,1,1,2,2,2253,2033.0,110.0,360.0,1.0,1,1,0,4286.0
414,2,1,2,2,2149,3237.0,178.0,360.0,0.0,2,0,0,5386.0
415,2,2,1,2,2995,0.0,60.0,360.0,1.0,3,1,0,2995.0
416,2,2,1,2,2600,0.0,160.0,360.0,1.0,3,0,1,2600.0
417,1,1,1,1,1600,20000.0,239.0,360.0,1.0,3,0,2,21600.0
418,1,1,1,2,1025,2773.0,112.0,360.0,1.0,1,1,0,3798.0
419,1,1,1,2,3246,1417.0,138.0,360.0,1.0,2,1,0,4663.0
420,1,1,1,2,5829,0.0,138.0,360.0,1.0,1,1,0,5829.0
421,2,2,2,2,2720,0.0,80.0,360.0,0.0,3,0,0,2720.0
422,1,1,1,2,1820,1719.0,100.0,360.0,1.0,3,1,0,3539.0
423,1,1,1,2,7250,1667.0,110.0,360.0,0.0,3,0,1,8917.0
424,1,1,1,2,14880,0.0,96.0,360.0,1.0,2,1,0,14880.0
425,1,1,1,2,2666,4300.0,121.0,360.0,1.0,1,1,0,6966.0
426,2,2,2,2,4606,0.0,81.0,360.0,1.0,1,0,1,4606.0
427,1,1,1,2,5935,0.0,133.0,360.0,1.0,2,1,2,5935.0
428,1,1,1,2,2920,16.12000084,87.0,360.0,1.0,1,1,0,2936.12000084
429,1,2,2,2,2717,0.0,60.0,180.0,1.0,3,1,0,2717.0
430,2,2,1,1,8624,0.0,150.0,360.0,1.0,2,1,1,8624.0
431,1,2,1,2,6500,0.0,105.0,360.0,0.0,1,0,0,6500.0
432,1,2,1,2,12876,0.0,405.0,360.0,1.0,2,1,0,12876.0
433,1,1,1,2,2425,2340.0,143.0,360.0,1.0,2,1,0,4765.0
434,1,2,1,2,3750,0.0,100.0,360.0,1.0,3,1,0,3750.0
435,2,1,1,2,10047,0.0,120.0,240.0,1.0,2,1,0,10047.0
436,1,2,1,2,1926,1851.0,50.0,360.0,1.0,2,1,0,3777.0
437,1,1,1,2,2213,1125.0,120.0,360.0,1.0,3,1,0,3338.0
438,1,2,1,1,10416,0.0,187.0,360.0,0.0,3,0,0,10416.0
439,2,1,2,1,7142,0.0,138.0,360.0,1.0,1,1,0,7142.0
440,1,2,1,2,3660,5064.0,187.0,360.0,1.0,2,1,0,8724.0
441,1,1,1,2,7901,1833.0,180.0,360.0,1.0,1,1,0,9734.0
442,1,2,2,2,4707,1993.0,148.0,360.0,1.0,2,1,3,6700.0
443,1,2,1,2,37719,0.0,152.0,360.0,1.0,2,1,1,37719.0
444,1,1,1,2,7333,8333.0,175.0,300.0,1.0,1,1,0,15666.0
445,1,1,1,1,3466,1210.0,130.0,360.0,1.0,1,1,1,4676.0
446,1,1,2,2,4652,0.0,110.0,360.0,1.0,1,1,2,4652.0
447,1,1,1,2,3539,1376.0,55.0,360.0,1.0,1,0,0,4915.0
448,1,1,1,2,3340,1710.0,150.0,360.0,0.0,1,0,2,5050.0
449,1,2,2,1,2769,1542.0,190.0,360.0,1.0,2,0,1,4311.0
450,1,1,2,2,2309,1255.0,125.0,360.0,0.0,1,0,2,3564.0
451,1,1,2,2,1958,1456.0,60.0,300.0,1.0,3,1,2,3414.0
452,1,1,1,2,3948,1733.0,149.0,360.0,0.0,1,0,0,5681.0
453,1,1,1,2,2483,2466.0,90.0,180.0,0.0,1,1,0,4949.0
454,1,2,1,1,7085,0.0,84.0,360.0,1.0,2,1,0,7085.0
455,1,1,1,2,3859,0.0,96.0,360.0,1.0,2,1,2,3859.0
456,1,1,1,2,4301,0.0,118.0,360.0,1.0,3,1,0,4301.0
457,1,1,1,2,3708,2569.0,173.0,360.0,1.0,3,0,0,6277.0
458,1,2,1,2,4354,0.0,136.0,360.0,1.0,1,1,2,4354.0
459,1,1,1,2,8334,0.0,160.0,360.0,1.0,2,0,0,8334.0
460,1,1,1,1,2083,4083.0,160.0,360.0,1.0,2,1,0,6166.0
461,1,1,1,2,7740,0.0,128.0,180.0,1.0,3,1,3,7740.0
462,1,1,1,2,3015,2188.0,153.0,360.0,1.0,1,1,0,5203.0
463,2,2,2,2,5191,0.0,132.0,360.0,1.0,2,1,1,5191.0
464,1,2,1,2,4166,0.0,98.0,360.0,0.0,2,0,0,4166.0
465,1,2,1,2,6000,0.0,140.0,360.0,1.0,1,1,0,6000.0
466,1,1,2,2,2947,1664.0,70.0,180.0,0.0,3,0,3,4611.0
467,1,1,1,2,16692,0.0,110.0,360.0,1.0,2,1,0,16692.0
468,2,1,2,2,210,2917.0,98.0,360.0,1.0,2,1,2,3127.0
469,1,1,1,2,4333,2451.0,110.0,360.0,1.0,3,0,0,6784.0
470,1,1,1,1,3450,2079.0,162.0,360.0,1.0,2,1,1,5529.0
471,1,1,2,2,2653,1500.0,113.0,180.0,0.0,1,0,1,4153.0
472,1,1,1,2,4691,0.0,100.0,360.0,1.0,2,1,3,4691.0
473,2,2,1,1,2500,0.0,93.0,360.0,1.0,3,1,0,2500.0
474,1,2,1,2,5532,4648.0,162.0,360.0,1.0,1,1,2,10180.0
475,1,1,1,1,16525,1014.0,150.0,360.0,1.0,1,1,2,17539.0
476,1,1,1,2,6700,1750.0,230.0,300.0,1.0,2,1,2,8450.0
477,1,1,1,2,2873,1872.0,132.0,360.0,0.0,2,0,2,4745.0
478,1,1,1,1,16667,2250.0,86.0,360.0,1.0,2,1,1,18917.0
479,1,1,1,2,2947,1603.0,120.0,360.0,1.0,3,0,2,4550.0
480,2,2,2,2,4350,0.0,154.0,360.0,1.0,1,1,0,4350.0
481,1,1,2,2,3095,0.0,113.0,360.0,1.0,1,1,3,3095.0
482,1,1,1,2,2083,3150.0,128.0,360.0,1.0,2,1,0,5233.0
483,1,1,1,2,10833,0.0,234.0,360.0,1.0,2,1,0,10833.0
484,1,1,1,2,8333,0.0,246.0,360.0,1.0,2,1,2,8333.0
485,1,1,2,2,1958,2436.0,131.0,360.0,1.0,1,1,1,4394.0
486,1,2,1,2,3547,0.0,80.0,360.0,0.0,1,0,2,3547.0
487,1,1,1,2,18333,0.0,500.0,360.0,1.0,3,0,1,18333.0
488,1,1,1,1,4583,2083.0,160.0,360.0,1.0,2,1,2,6666.0
489,1,2,1,2,2435,0.0,75.0,360.0,1.0,3,0,0,2435.0
490,1,2,2,2,2699,2785.0,96.0,360.0,1.0,2,1,0,5484.0
491,1,1,2,2,5333,1131.0,186.0,360.0,1.0,3,1,1,6464.0
492,1,2,2,2,3691,0.0,110.0,360.0,1.0,1,1,0,3691.0
493,2,2,2,1,17263,0.0,225.0,360.0,1.0,2,1,0,17263.0
494,1,1,1,2,3597,2157.0,119.0,360.0,0.0,1,0,0,5754.0
495,2,1,1,2,3326,913.0,105.0,84.0,1.0,2,1,1,4239.0
496,1,1,2,2,2600,1700.0,107.0,360.0,1.0,1,1,0,4300.0
497,1,1,1,2,4625,2857.0,111.0,12.0,1.0,3,1,0,7482.0
498,1,1,1,1,2895,0.0,95.0,360.0,1.0,2,1,1,2895.0
499,1,2,1,2,6283,4416.0,209.0,360.0,0.0,1,0,0,10699.0
500,2,2,1,2,645,3683.0,113.0,480.0,1.0,1,1,0,4328.0
501,2,2,1,2,3159,0.0,100.0,360.0,1.0,2,1,0,3159.0
502,1,1,1,2,4865,5624.0,208.0,360.0,1.0,2,1,2,10489.0
503,1,1,2,2,4050,5302.0,138.0,360.0,1.0,1,0,1,9352.0
504,1,1,2,2,3814,1483.0,124.0,300.0,1.0,2,1,0,5297.0
505,1,1,1,2,3510,4416.0,243.0,360.0,1.0,1,1,2,7926.0
506,1,1,1,2,20833,6667.0,480.0,360.0,1.0,3,1,0,27500.0
507,1,2,1,2,3583,0.0,96.0,360.0,1.0,3,0,0,3583.0
508,1,1,1,1,2479,3013.0,188.0,360.0,1.0,3,1,0,5492.0
509,2,2,1,2,13262,0.0,40.0,360.0,1.0,3,1,1,13262.0
510,1,2,2,2,3598,1287.0,100.0,360.0,1.0,1,0,0,4885.0
511,1,1,1,2,6065,2004.0,250.0,360.0,1.0,2,1,1,8069.0
512,1,1,1,2,3283,2035.0,148.0,360.0,1.0,3,1,2,5318.0
513,1,1,1,2,2130,6666.0,70.0,180.0,1.0,2,0,0,8796.0
514,1,2,1,2,5815,3666.0,311.0,360.0,1.0,1,0,0,9481.0
515,1,1,1,2,3466,3428.0,150.0,360.0,1.0,1,1,3,6894.0
516,2,1,1,2,2031,1632.0,113.0,480.0,1.0,2,1,2,3663.0
517,1,1,2,2,3074,1800.0,123.0,360.0,0.0,2,0,0,4874.0
518,1,2,1,2,4683,1915.0,185.0,360.0,1.0,2,0,0,6598.0
519,2,2,2,2,3400,0.0,95.0,360.0,1.0,1,0,0,3400.0
520,1,1,2,2,2192,1742.0,45.0,360.0,1.0,2,1,2,3934.0
521,1,2,1,2,2500,0.0,55.0,360.0,1.0,2,1,0,2500.0
522,1,1,1,1,5677,1424.0,100.0,360.0,1.0,1,1,3,7101.0
523,1,1,1,1,7948,7166.0,480.0,360.0,1.0,1,1,2,15114.0
524,1,2,1,2,4680,2087.0,120.0,360.0,1.0,2,0,0,6767.0
525,1,1,1,1,17500,0.0,400.0,360.0,1.0,1,1,2,17500.0
526,1,1,1,2,3775,0.0,110.0,360.0,1.0,2,1,0,3775.0
527,1,1,2,2,5285,1430.0,161.0,360.0,0.0,2,1,1,6715.0
528,1,2,2,2,2679,1302.0,94.0,360.0,1.0,2,1,1,3981.0
529,1,2,2,2,6783,0.0,130.0,360.0,1.0,2,1,0,6783.0
530,1,1,1,2,1025,5500.0,216.0,360.0,1.0,1,1,0,6525.0
531,1,1,1,2,4281,0.0,100.0,360.0,1.0,3,1,3,4281.0
532,1,2,1,2,3588,0.0,110.0,360.0,0.0,1,0,2,3588.0
533,1,2,1,2,11250,0.0,196.0,360.0,1.0,2,0,1,11250.0
534,2,2,2,1,18165,0.0,125.0,360.0,1.0,3,1,0,18165.0
535,1,2,2,2,2550,2042.0,126.0,360.0,1.0,1,1,0,4592.0
536,1,1,1,2,6133,3906.0,324.0,360.0,1.0,3,1,0,10039.0
537,1,2,1,2,3617,0.0,107.0,360.0,1.0,2,1,2,3617.0
538,1,1,2,2,2917,536.0,66.0,360.0,1.0,1,0,0,3453.0
539,1,1,1,2,6417,0.0,157.0,180.0,1.0,1,1,3,6417.0
540,2,1,1,2,4608,2845.0,140.0,180.0,1.0,2,1,1,7453.0
541,2,2,1,2,2138,0.0,99.0,360.0,0.0,2,0,0,2138.0
542,2,2,1,2,3652,0.0,95.0,360.0,1.0,2,1,1,3652.0
543,1,1,2,2,2239,2524.0,128.0,360.0,1.0,3,1,1,4763.0
544,2,1,2,2,3017,663.0,102.0,360.0,1.0,2,1,0,3680.0
545,1,1,1,2,2768,1950.0,155.0,360.0,1.0,1,1,0,4718.0
546,1,2,2,2,3358,0.0,80.0,36.0,1.0,2,0,0,3358.0
547,1,2,1,2,2526,1783.0,145.0,360.0,1.0,1,1,0,4309.0
548,2,2,1,2,5000,0.0,103.0,360.0,0.0,2,0,0,5000.0
549,1,1,1,2,2785,2016.0,110.0,360.0,1.0,1,1,0,4801.0
550,1,1,1,1,6633,0.0,120.0,360.0,0.0,1,0,2,6633.0
551,1,1,2,2,2492,2375.0,120.0,360.0,1.0,1,1,1,4867.0
552,1,1,1,2,3333,3250.0,158.0,360.0,1.0,3,1,1,6583.0
553,1,1,2,2,2454,2333.0,181.0,360.0,0.0,3,0,0,4787.0
554,1,1,1,2,3593,4266.0,132.0,180.0,0.0,1,0,0,7859.0
555,1,1,1,2,5468,1032.0,26.0,360.0,1.0,2,1,1,6500.0
556,2,2,1,2,2667,1625.0,84.0,360.0,1.0,3,1,0,4292.0
557,1,1,1,1,10139,0.0,260.0,360.0,1.0,2,1,3,10139.0
558,1,1,1,2,3887,2669.0,162.0,360.0,1.0,2,1,0,6556.0
559,2,1,1,2,4180,2306.0,182.0,360.0,1.0,2,1,0,6486.0
560,1,1,2,2,3675,242.0,108.0,360.0,1.0,2,1,2,3917.0
561,2,1,1,1,19484,0.0,600.0,360.0,1.0,2,1,1,19484.0
562,1,1,1,2,5923,2054.0,211.0,360.0,1.0,1,1,0,7977.0
563,1,2,2,1,5800,0.0,132.0,360.0,1.0,2,1,0,5800.0
564,1,1,1,2,8799,0.0,258.0,360.0,0.0,3,0,2,8799.0
565,1,1,2,2,4467,0.0,120.0,360.0,1.0,1,1,0,4467.0
566,1,2,1,2,3333,0.0,70.0,360.0,1.0,3,1,0,3333.0
567,1,1,1,2,3400,2500.0,123.0,360.0,0.0,1,0,3,5900.0
568,2,2,1,2,2378,0.0,9.0,360.0,1.0,3,0,0,2378.0
569,1,1,1,2,3166,2064.0,104.0,360.0,0.0,3,0,0,5230.0
570,1,1,1,2,3417,1750.0,186.0,360.0,1.0,3,1,1,5167.0
571,1,1,1,2,5116,1451.0,165.0,360.0,0.0,3,0,0,6567.0
572,1,1,1,2,16666,0.0,275.0,360.0,1.0,3,1,2,16666.0
573,1,1,2,2,6125,1625.0,187.0,480.0,1.0,2,0,2,7750.0
574,1,1,1,2,6406,0.0,150.0,360.0,1.0,2,0,3,6406.0
575,1,1,1,2,3159,461.0,108.0,84.0,1.0,3,1,2,3620.0
576,1,1,1,2,3087,2210.0,136.0,360.0,0.0,2,0,0,5297.0
577,1,2,1,2,3229,2739.0,110.0,360.0,1.0,3,1,0,5968.0
578,1,1,1,2,1782,2232.0,107.0,360.0,1.0,1,1,1,4014.0
579,1,2,1,2,3182,2917.0,161.0,360.0,1.0,3,1,0,6099.0
580,1,1,1,2,6540,0.0,205.0,360.0,1.0,2,1,2,6540.0
581,1,2,1,2,1836,33837.0,90.0,360.0,1.0,3,0,0,35673.0
582,2,1,1,2,3166,0.0,36.0,360.0,1.0,2,1,0,3166.0
583,1,1,1,2,1880,0.0,61.0,360.0,1.0,1,0,1,1880.0
584,1,1,1,2,2787,1917.0,146.0,360.0,0.0,1,0,1,4704.0
585,1,1,1,2,4283,3000.0,172.0,84.0,1.0,1,0,1,7283.0
586,1,1,1,2,2297,1522.0,104.0,360.0,1.0,3,1,0,3819.0
587,2,2,2,2,2165,0.0,70.0,360.0,1.0,2,1,0,2165.0
588,1,2,1,2,4750,0.0,94.0,360.0,1.0,2,1,0,4750.0
589,1,1,1,1,2726,0.0,106.0,360.0,0.0,2,0,2,2726.0
590,1,1,1,2,3000,3416.0,56.0,180.0,1.0,2,1,0,6416.0
591,1,1,1,1,6000,0.0,205.0,240.0,1.0,2,0,2,6000.0
592,1,2,1,1,9357,0.0,292.0,360.0,1.0,2,1,3,9357.0
593,1,1,1,2,3859,3300.0,142.0,180.0,1.0,1,1,0,7159.0
594,1,1,1,1,16120,0.0,260.0,360.0,1.0,3,1,0,16120.0
595,1,2,2,2,3833,0.0,110.0,360.0,1.0,1,1,0,3833.0
596,1,1,2,1,6383,1000.0,187.0,360.0,1.0,1,0,2,7383.0
597,1,2,1,2,2987,0.0,88.0,360.0,0.0,2,0,0,2987.0
598,1,1,1,1,9963,0.0,180.0,360.0,1.0,1,1,0,9963.0
599,1,1,1,2,5780,0.0,192.0,360.0,1.0,3,1,2,5780.0
600,2,2,1,2,416,41667.0,350.0,180.0,1.0,3,0,3,42083.0
601,1,1,2,2,2894,2792.0,155.0,360.0,1.0,1,1,0,5686.0
602,1,1,1,2,5703,0.0,128.0,360.0,1.0,3,1,3,5703.0
603,1,2,1,2,3676,4301.0,172.0,360.0,1.0,1,1,0,7977.0
604,2,1,1,2,12000,0.0,496.0,360.0,1.0,2,1,1,12000.0
605,1,1,2,2,2400,3800.0,120.0,180.0,1.0,3,0,0,6200.0
606,1,1,1,2,3400,2500.0,173.0,360.0,1.0,2,1,1,5900.0
607,1,1,2,2,3987,1411.0,157.0,360.0,1.0,1,1,2,5398.0
608,1,1,1,2,3232,1950.0,108.0,360.0,1.0,1,1,0,5182.0
609,2,2,1,2,2900,0.0,71.0,360.0,1.0,1,1,0,2900.0
610,1,1,1,2,4106,0.0,40.0,180.0,1.0,1,1,3,4106.0
611,1,1,1,2,8072,240.0,253.0,360.0,1.0,3,1,1,8312.0
612,1,1,1,2,7583,0.0,187.0,360.0,1.0,3,1,2,7583.0
613,2,2,1,1,4583,0.0,133.0,360.0,0.0,2,0,0,4583.0
